Name,Nationality,Preferred Ship Type,Rank,Age,Password
Paul Miller,UK,Bulk Carrier,Radio officer,52,123456
Crystal Cook,Japan,Container Ships,Deckhand,53,pass123
Chad Beck,Greece,Bulk Carrier,Second mate,58,123456
Denise Cooper,China,Tanker Ships,Steward's assistant,50,123456
Phyllis Ross,Japan,Container Ships,Captain/master,24,password1
Elizabeth Baker,India,Container Ships,Deckhand,28,password1
Michelle Glover,UK,Bulk Carrier,Chief engineer,55,pass123
Cheryl Shields,Greece,Passenger Ships,Able seaman,43,password1
David Jennings,Norway,Tanker Ships,Chief steward,30,pass123
Sarah Brown,Germany,Passenger Ships,Second mate,42,password1
Carmen Maxwell,China,Container Ships,Able seaman,49,password1
Charles Leblanc,Italy,Passenger Ships,Chief engineer,30,password1
Jeff Marsh,India,Tanker Ships,Boatswain (or bosun),45,123456
William Brooks,Japan,Passenger Ships,Second engineer,54,123456
Charles Conrad,China,Container Ships,Wiper,42,password1
Barbara Thompson,Philippines,Passenger Ships,Wiper,39,pass123
Jennifer Lee,Italy,Tanker Ships,Captain/master,41,pass123
Rebecca Castillo,USA,Bulk Carrier,Second mate,57,password1
Katherine Wiggins,Germany,Tanker Ships,Captain/master,50,123456
Dr. Emily Mora MD,UK,Tanker Ships,Boatswain (or bosun),44,123456
Kimberly Ochoa,Japan,Tanker Ships,Cook,57,pass123
Joshua Baker,Greece,Container Ships,Oiler,33,123456
Jennifer Hall,Japan,Bulk Carrier,Captain/master,59,password1
Dr. Carlos Munoz,Philippines,Bulk Carrier,Wiper,37,password1
Scott Ballard,Japan,Container Ships,Boatswain (or bosun),26,123456
Amy Wells,UK,Passenger Ships,Able seaman,25,pass123
Michelle Butler,UK,Tanker Ships,Cook,42,123456
Tiffany West,Italy,Container Ships,Steward's assistant,44,123456
Joshua Cruz,Japan,Tanker Ships,Electrical engineer/electrician,55,password1
Steven Klein,Germany,Bulk Carrier,Chief steward,57,123456
Christopher Turner,USA,Container Ships,Boatswain (or bosun),52,pass123
Meredith Young,UK,Tanker Ships,Second mate,27,123456
Dana Owen,UK,Passenger Ships,Electrical engineer/electrician,56,pass123
Donna Herrera,USA,Passenger Ships,Deckhand,26,password1
Anthony Williams,India,Tanker Ships,Fourth engineer,55,123456
Taylor Landry,Germany,Passenger Ships,Second engineer,37,password1
Dawn Walker,Italy,Container Ships,Electrical engineer/electrician,42,password1
Henry Rowe,Japan,Tanker Ships,Radio officer,44,123456
Paul Hernandez,Norway,Tanker Ships,Electrical engineer/electrician,54,pass123
Stephanie Johnson,Japan,Tanker Ships,Chief steward,42,123456
Kim Shields,China,Tanker Ships,Chief mate/first mate,45,123456
Jennifer Patterson,Japan,Bulk Carrier,Chief engineer,57,pass123
Connie Davis,China,Container Ships,Radio officer,53,123456
Rebecca Myers,Italy,Container Ships,Deckhand,24,123456
Sharon Johnston,Philippines,Container Ships,Able seaman,47,pass123
Jeffrey Munoz,Germany,Tanker Ships,Deckhand,22,pass123
Jesse Hamilton,Norway,Passenger Ships,Electrical engineer/electrician,28,pass123
Joshua White,UK,Bulk Carrier,Second engineer,33,123456
Sara Mendoza,USA,Bulk Carrier,Deckhand,24,password1
Brittany Lester,USA,Bulk Carrier,Electrical engineer/electrician,57,pass123
Sherri Klein,Philippines,Container Ships,Second mate,37,123456
Nicholas Harvey,Italy,Container Ships,Second engineer,58,password1
Bobby Long,Japan,Tanker Ships,Second mate,35,123456
Christy Green,UK,Passenger Ships,Chief engineer,32,password1
Amy Miller,Italy,Bulk Carrier,Able seaman,46,123456
Adam Rodriguez,Greece,Bulk Carrier,Electrical engineer/electrician,47,pass123
Melvin Brown,USA,Tanker Ships,Radio officer,46,123456
Natalie Harrison,Japan,Tanker Ships,Second mate,60,pass123
Tyler Washington,China,Passenger Ships,Chief mate/first mate,27,password1
Shelia Cochran,UK,Passenger Ships,Boatswain (or bosun),23,password1
Tammy Mahoney,Philippines,Passenger Ships,Deckhand,35,password1
Jon Payne,Italy,Bulk Carrier,Fourth engineer,45,pass123
Thomas Roman,Germany,Container Ships,Chief steward,24,pass123
Jordan Ryan,India,Passenger Ships,Third engineer,25,pass123
Jessica Taylor,Japan,Tanker Ships,Boatswain (or bosun),57,pass123
Brittany Arnold,Norway,Passenger Ships,Captain/master,51,pass123
Jeff Aguilar,Germany,Passenger Ships,Oiler,25,123456
Karen Mcdonald,Philippines,Bulk Carrier,Third engineer,60,123456
Elizabeth Tran,Greece,Passenger Ships,Fourth engineer,56,pass123
Sarah Gray,Philippines,Bulk Carrier,Chief engineer,60,123456
Julie Hancock,Japan,Tanker Ships,Chief steward,39,password1
Jillian Hernandez,Greece,Tanker Ships,Boatswain (or bosun),39,123456
Bradley Lopez,Germany,Bulk Carrier,Steward's assistant,30,pass123
Stephanie Mcclain,Greece,Tanker Ships,Third engineer,46,pass123
Michelle Alexander,Philippines,Container Ships,Fourth engineer,26,pass123
Steven Long,Greece,Container Ships,Third engineer,44,123456
Mr. Dean Cabrera,Norway,Passenger Ships,Captain/master,56,pass123
Nathan Wilson,Japan,Tanker Ships,Boatswain (or bosun),35,pass123
Erin Reyes,Greece,Tanker Ships,Oiler,53,123456
James Harrison,Greece,Tanker Ships,Radio officer,45,password1
Allen Davies,Germany,Container Ships,Oiler,51,123456
Patrick Williams,Norway,Tanker Ships,Boatswain (or bosun),33,123456
Chelsea Roberts,Philippines,Bulk Carrier,Second mate,38,pass123
Pamela Dawson,Germany,Bulk Carrier,Radio officer,58,password1
Terry Roberts,Italy,Tanker Ships,Captain/master,55,123456
Michael Webb,Philippines,Container Ships,Second engineer,29,password1
Mr. Richard Schroeder Jr.,UK,Bulk Carrier,Deckhand,44,password1
Mr. Roberto Anderson,Italy,Passenger Ships,Second engineer,33,123456
Anna Wise,Germany,Passenger Ships,Second mate,47,pass123
Billy Brown Jr.,Norway,Container Ships,Radio officer,22,123456
Kimberly Williams,USA,Passenger Ships,Radio officer,43,pass123
Andrew Edwards PhD,Italy,Passenger Ships,Able seaman,43,123456
Joshua Hill,Italy,Bulk Carrier,Oiler,58,pass123
Sean Zimmerman,Philippines,Tanker Ships,Third mate,60,123456
Edward Paul,India,Tanker Ships,Cook,23,password1
Francisco Blake,Germany,Tanker Ships,Cook,31,pass123
Richard Greene,Philippines,Passenger Ships,Fourth engineer,51,password1
Matthew Thomas,Greece,Bulk Carrier,Boatswain (or bosun),58,pass123
Christopher Hill,Germany,Bulk Carrier,Wiper,57,pass123
Stephanie Meadows,Germany,Passenger Ships,Boatswain (or bosun),41,123456
Steve Johnson,Germany,Bulk Carrier,Second mate,30,123456
Amber Jordan,Italy,Tanker Ships,Able seaman,25,pass123
Robert Cummings,Philippines,Bulk Carrier,Second engineer,53,pass123
Evan Keller,China,Passenger Ships,Chief engineer,54,123456
Danielle White,China,Bulk Carrier,Chief mate/first mate,32,pass123
Andrew Morris,India,Passenger Ships,Cook,44,password1
Candice Harris,USA,Passenger Ships,Electrical engineer/electrician,55,123456
Dennis Mclean,Japan,Bulk Carrier,Second engineer,37,pass123
Daniel Richards,Greece,Bulk Carrier,Deckhand,59,123456
Jordan Ferguson,Philippines,Bulk Carrier,Cook,34,pass123
Michael Ward,Philippines,Container Ships,Cook,35,pass123
Dawn Stevens,Greece,Container Ships,Second mate,32,password1
William Williams,Italy,Bulk Carrier,Wiper,37,123456
Stephen Taylor,Philippines,Tanker Ships,Steward's assistant,30,123456
Linda Brown,UK,Bulk Carrier,Able seaman,51,pass123
Sandra Cole,Germany,Container Ships,Chief engineer,54,123456
Barbara Smith,USA,Tanker Ships,Third engineer,25,password1
Leah Keller,UK,Container Ships,Second engineer,28,pass123
Jessica Fox,Italy,Passenger Ships,Deckhand,46,password1
John Jones,Germany,Tanker Ships,Fourth engineer,55,password1
Erika Stevens,USA,Tanker Ships,Captain/master,55,password1
Michael Kent,Philippines,Container Ships,Chief engineer,39,123456
Amanda Johnson,Germany,Tanker Ships,Second engineer,43,password1
David Hodge,Japan,Passenger Ships,Deckhand,45,123456
Lance Murphy,Norway,Passenger Ships,Chief mate/first mate,43,password1
Kristen Kelley,Japan,Tanker Ships,Second mate,48,password1
Lindsay Black,Philippines,Bulk Carrier,Fourth engineer,28,password1
Barbara Reed,India,Passenger Ships,Second engineer,32,123456
Michael Wilson,UK,Container Ships,Chief mate/first mate,38,pass123
Joshua Murillo,Greece,Tanker Ships,Chief steward,41,pass123
Robert Sandoval,USA,Bulk Carrier,Boatswain (or bosun),41,pass123
David Phillips,Philippines,Passenger Ships,Chief mate/first mate,22,password1
Cassandra Schmidt,Norway,Passenger Ships,Wiper,60,password1
Laura James,Norway,Container Ships,Boatswain (or bosun),49,password1
Daniel Pearson,Germany,Bulk Carrier,Fourth engineer,56,123456
Tina Mejia,Philippines,Passenger Ships,Electrical engineer/electrician,60,123456
Jaime Giles,Germany,Bulk Carrier,Radio officer,44,pass123
Natalie Roberts,Italy,Bulk Carrier,Third engineer,25,password1
James Morris,Philippines,Passenger Ships,Third mate,58,password1
Mr. Eric Massey PhD,UK,Container Ships,Captain/master,60,password1
Travis Dudley,Norway,Tanker Ships,Second mate,60,password1
Jessica Deleon,Norway,Passenger Ships,Radio officer,28,pass123
Jose Davis,Greece,Passenger Ships,Cook,23,password1
Dr. Sharon Shaffer,Italy,Passenger Ships,Fourth engineer,50,123456
Debbie Dixon,Philippines,Tanker Ships,Third mate,50,pass123
Amber Curtis,Greece,Tanker Ships,Cook,31,password1
Robin Harvey,USA,Bulk Carrier,Steward's assistant,51,123456
Joshua Martin,USA,Container Ships,Able seaman,35,pass123
John Johnson,Japan,Tanker Ships,Chief engineer,28,123456
Felicia Shaw,India,Container Ships,Radio officer,46,pass123
Melanie Price,Italy,Bulk Carrier,Chief engineer,31,123456
Angela Williamson,USA,Bulk Carrier,Chief mate/first mate,59,123456
Alicia Ford,China,Container Ships,Wiper,35,123456
Rebecca Lester,Germany,Tanker Ships,Chief mate/first mate,26,password1
John Dennis,Germany,Bulk Carrier,Electrical engineer/electrician,29,password1
Julia Larsen,India,Bulk Carrier,Captain/master,56,123456
Daniel Daniel,Germany,Tanker Ships,Radio officer,34,pass123
Kenneth Brown,China,Container Ships,Steward's assistant,44,123456
Melissa Tran,Greece,Container Ships,Chief steward,60,123456
John Tucker,UK,Container Ships,Radio officer,36,123456
Vanessa Hamilton,Philippines,Bulk Carrier,Wiper,44,123456
Angela Grimes,China,Passenger Ships,Deckhand,40,pass123
Melissa Atkins,Italy,Container Ships,Third mate,39,password1
Carrie Velez,UK,Tanker Ships,Steward's assistant,33,pass123
Elizabeth Clark,Greece,Passenger Ships,Chief mate/first mate,24,pass123
Mario Fitzgerald,Germany,Container Ships,Second mate,47,password1
Lori Stewart,Greece,Container Ships,Fourth engineer,26,password1
Kevin Stanley,Italy,Bulk Carrier,Second engineer,45,123456
Michelle Moreno,Italy,Bulk Carrier,Cook,37,pass123
Gail Case,Philippines,Container Ships,Third engineer,32,123456
Richard Dickerson,India,Tanker Ships,Radio officer,42,123456
Donald Wu,China,Passenger Ships,Third engineer,38,123456
Katrina Mendoza,Italy,Passenger Ships,Able seaman,46,pass123
Pam Peterson,USA,Passenger Ships,Third engineer,55,pass123
Steven Gordon DDS,Germany,Tanker Ships,Oiler,50,123456
Travis Sexton,USA,Container Ships,Able seaman,38,password1
Tanya Burke,Philippines,Bulk Carrier,Chief engineer,55,password1
Ashley Shaffer,Germany,Tanker Ships,Second mate,58,pass123
Gloria Avila,Philippines,Tanker Ships,Fourth engineer,37,123456
Susan Lane,Norway,Container Ships,Deckhand,52,123456
Christopher Jones,Italy,Container Ships,Boatswain (or bosun),34,password1
Eric Jones,Japan,Tanker Ships,Deckhand,39,123456
Jacqueline Davis,Japan,Container Ships,Third mate,47,123456
Michelle Christensen,Germany,Container Ships,Chief engineer,23,password1
Melissa Vaughn,Norway,Tanker Ships,Oiler,41,password1
Margaret Nelson,UK,Tanker Ships,Second engineer,23,pass123
Rachael Horne,Japan,Container Ships,Electrical engineer/electrician,51,password1
Benjamin Rios,USA,Tanker Ships,Second mate,31,pass123
Brenda Porter,Greece,Bulk Carrier,Wiper,49,123456
Joshua Love MD,China,Tanker Ships,Third mate,59,123456
Julia Weber,Greece,Passenger Ships,Captain/master,59,123456
Jeffrey Cox,Italy,Passenger Ships,Wiper,27,password1
Angela Hutchinson,USA,Bulk Carrier,Boatswain (or bosun),54,pass123
Jason Peters,USA,Container Ships,Third engineer,49,123456
Christine Summers,India,Bulk Carrier,Fourth engineer,28,123456
Thomas Dickerson,Norway,Tanker Ships,Captain/master,58,pass123
Jeffery Wallace,Germany,Container Ships,Third mate,60,123456
Nancy Mason,USA,Bulk Carrier,Radio officer,45,pass123
Michael Smith,UK,Tanker Ships,Chief engineer,43,password1
Michelle Jones,Norway,Tanker Ships,Deckhand,47,123456
Brian Marshall,India,Container Ships,Fourth engineer,41,123456
Stephanie Roberts,Philippines,Tanker Ships,Chief engineer,26,123456
Richard Jackson,Italy,Bulk Carrier,Electrical engineer/electrician,57,pass123
Charlene Cohen,Germany,Tanker Ships,Electrical engineer/electrician,24,123456
Caitlyn Thomas,UK,Bulk Carrier,Electrical engineer/electrician,31,pass123
Rebecca Thomas,Germany,Tanker Ships,Able seaman,28,password1
Juan Johnson,Italy,Container Ships,Third mate,27,pass123
Lisa Rodriguez,China,Passenger Ships,Steward's assistant,22,123456
Daniel Fields,Germany,Passenger Ships,Captain/master,35,123456
Tiffany Munoz,Norway,Bulk Carrier,Cook,59,password1
Michael Young,Philippines,Tanker Ships,Second mate,50,123456
Noah Fernandez,UK,Tanker Ships,Third engineer,28,password1
Amy Oneill,India,Passenger Ships,Steward's assistant,49,password1
Jennifer Caldwell,Japan,Container Ships,Second mate,47,123456
Erin Lee,UK,Container Ships,Chief mate/first mate,57,123456
Karen Brady,India,Passenger Ships,Third engineer,47,123456
Shawn Cook,Italy,Tanker Ships,Electrical engineer/electrician,38,password1
Alex Lewis,Germany,Tanker Ships,Steward's assistant,24,password1
Stacey Jones,USA,Passenger Ships,Third mate,33,pass123
David Henry,Philippines,Bulk Carrier,Fourth engineer,43,123456
Mrs. Kristine Collins,Greece,Passenger Ships,Wiper,51,password1
Edward Guzman,Greece,Bulk Carrier,Fourth engineer,60,123456
Carolyn Hardy,Philippines,Passenger Ships,Radio officer,57,pass123
Tracey Trevino,Philippines,Container Ships,Cook,26,password1
John Brown,China,Passenger Ships,Wiper,35,password1
Mary Daniels,Philippines,Container Ships,Oiler,25,123456
Joshua Daniels,China,Bulk Carrier,Second engineer,27,123456
Tammy Hernandez,USA,Container Ships,Third mate,27,password1
Krista Lewis,Italy,Bulk Carrier,Oiler,58,password1
Anita Porter,Philippines,Tanker Ships,Chief engineer,34,password1
Kim Roberts,Japan,Bulk Carrier,Second engineer,29,password1
Sean Chapman,Italy,Container Ships,Third mate,57,123456
Joy Lang,USA,Passenger Ships,Electrical engineer/electrician,58,password1
Alyssa Ortiz,Greece,Container Ships,Third engineer,55,password1
Evan Thomas,Germany,Container Ships,Oiler,23,123456
Mark Armstrong,Germany,Container Ships,Chief steward,48,password1
Matthew Hill,India,Container Ships,Chief steward,60,pass123
Joel Sullivan,Germany,Tanker Ships,Second mate,27,123456
Sara Fernandez,China,Passenger Ships,Cook,34,pass123
Travis Dunn,Italy,Tanker Ships,Second mate,59,123456
Jeffrey Horton,India,Bulk Carrier,Third engineer,52,password1
Carmen Lopez,Japan,Tanker Ships,Second engineer,31,pass123
Stephanie Bryant,Italy,Container Ships,Deckhand,28,123456
Angela Carter,Italy,Container Ships,Radio officer,47,pass123
Emily Ross,Norway,Passenger Ships,Chief engineer,22,pass123
David Stevens,Italy,Bulk Carrier,Second mate,22,pass123
Tiffany Jacobson,Greece,Bulk Carrier,Second mate,27,password1
Carrie Ritter,Philippines,Container Ships,Electrical engineer/electrician,35,pass123
Brittany Simpson,China,Passenger Ships,Second engineer,54,123456
Ruben Thompson,Norway,Bulk Carrier,Cook,51,pass123
Melissa Johnston,Philippines,Container Ships,Cook,53,pass123
Whitney Rubio,India,Tanker Ships,Chief engineer,31,123456
George Lee,China,Container Ships,Wiper,30,pass123
Erica Macdonald,Germany,Container Ships,Chief engineer,23,123456
Chelsea Jordan,Norway,Bulk Carrier,Third mate,55,123456
Brandon Obrien,USA,Container Ships,Chief steward,24,password1
Brandon Mckay,Germany,Passenger Ships,Chief mate/first mate,39,pass123
Stephen Gaines,Germany,Bulk Carrier,Boatswain (or bosun),44,123456
James Reyes,Italy,Passenger Ships,Fourth engineer,43,123456
Dawn Shepherd,Greece,Passenger Ships,Captain/master,31,password1
David Jones,Norway,Passenger Ships,Cook,43,pass123
Karen Moore,Germany,Container Ships,Boatswain (or bosun),56,password1
Jonathan Foster,Norway,Tanker Ships,Captain/master,42,password1
Damon Joseph,Greece,Bulk Carrier,Second engineer,25,password1
Andrea Lee,USA,Passenger Ships,Able seaman,39,password1
James Nguyen,UK,Container Ships,Fourth engineer,43,password1
Rebecca Johnson,UK,Container Ships,Deckhand,52,pass123
Amanda Christensen,China,Bulk Carrier,Chief steward,55,pass123
Joseph Martin,India,Container Ships,Captain/master,46,password1
Jason Anderson,China,Bulk Carrier,Cook,22,123456
Adrian Trevino,Norway,Container Ships,Cook,23,pass123
Tara Spencer,Philippines,Container Ships,Third mate,53,password1
Andrew Underwood,Philippines,Tanker Ships,Chief engineer,52,123456
Laura Stanton,Norway,Bulk Carrier,Electrical engineer/electrician,42,password1
Richard Schultz,UK,Container Ships,Steward's assistant,26,pass123
Jacob Smith,Philippines,Container Ships,Boatswain (or bosun),43,pass123
Andrew Kelley,Germany,Passenger Ships,Captain/master,43,123456
Walter Cross,Philippines,Passenger Ships,Radio officer,31,pass123
Leslie Allen,Germany,Container Ships,Third engineer,55,123456
James Garcia,Greece,Tanker Ships,Electrical engineer/electrician,40,password1
Brett Parker,Italy,Tanker Ships,Chief engineer,46,pass123
Laura Boyer,China,Tanker Ships,Second mate,37,password1
Karen Pearson,Norway,Container Ships,Oiler,43,pass123
Linda Henderson,India,Bulk Carrier,Steward's assistant,38,pass123
Sandra Anderson,Greece,Bulk Carrier,Chief mate/first mate,53,password1
Justin Wolfe,Philippines,Passenger Ships,Chief steward,32,pass123
Andrea Hinton,India,Passenger Ships,Second engineer,31,password1
Melissa Miles,USA,Tanker Ships,Deckhand,45,password1
Nancy Vincent,Greece,Bulk Carrier,Wiper,27,pass123
Michelle Marsh,Greece,Tanker Ships,Radio officer,39,pass123
Tamara Hodge,China,Bulk Carrier,Chief mate/first mate,59,pass123
Kimberly Little,Italy,Passenger Ships,Captain/master,40,pass123
Louis Evans,Italy,Passenger Ships,Deckhand,43,password1
Jonathan Adams,Japan,Passenger Ships,Second engineer,32,123456
Laura Dixon,India,Passenger Ships,Electrical engineer/electrician,58,123456
Heather Taylor,Greece,Tanker Ships,Second mate,59,pass123
Kimberly Francis,China,Container Ships,Able seaman,52,password1
Michael Ramirez,Norway,Container Ships,Captain/master,27,123456
Nicole Whitehead,Italy,Tanker Ships,Oiler,32,123456
Dylan Jones,China,Passenger Ships,Radio officer,41,123456
Kenneth Stevenson,Norway,Container Ships,Chief mate/first mate,41,123456
Elizabeth Williams DVM,USA,Passenger Ships,Radio officer,38,123456
Kevin Powell,Italy,Passenger Ships,Cook,39,password1
Taylor Willis,USA,Bulk Carrier,Third engineer,25,password1
Danielle Armstrong,China,Tanker Ships,Third engineer,54,password1
Beth Sullivan,USA,Bulk Carrier,Captain/master,57,password1
Bradley Brown,Philippines,Passenger Ships,Third engineer,24,pass123
Joseph Holt,UK,Tanker Ships,Chief engineer,45,pass123
Anna Stewart,China,Tanker Ships,Oiler,35,123456
Carolyn Wood,UK,Bulk Carrier,Chief steward,48,password1
Sarah Walker,Norway,Tanker Ships,Wiper,50,123456
Cassandra Cain,Greece,Tanker Ships,Chief engineer,31,123456
Sonia Ford,Germany,Container Ships,Second mate,23,pass123
Amanda Miller MD,UK,Container Ships,Third mate,41,password1
Deanna Harris,UK,Tanker Ships,Wiper,27,pass123
Lisa Edwards,Japan,Container Ships,Boatswain (or bosun),37,pass123
John Simon,India,Container Ships,Steward's assistant,53,password1
Walter Williams,Norway,Bulk Carrier,Chief steward,54,password1
Holly Ruiz,India,Container Ships,Chief engineer,60,123456
Hunter Miller,Japan,Bulk Carrier,Wiper,38,password1
Kelly Jackson,China,Passenger Ships,Wiper,33,password1
Thomas Wilkins,Germany,Bulk Carrier,Electrical engineer/electrician,23,pass123
Lori Hodges,Norway,Bulk Carrier,Third engineer,55,123456
Edwin Jones,India,Bulk Carrier,Captain/master,44,123456
Tracy Haynes,UK,Passenger Ships,Cook,39,123456
Alicia Bonilla,UK,Passenger Ships,Wiper,28,pass123
Brett Lynch,Greece,Container Ships,Radio officer,35,123456
Patricia Barker,Germany,Bulk Carrier,Boatswain (or bosun),27,pass123
David Turner,UK,Bulk Carrier,Chief mate/first mate,50,password1
Michelle Kelly,Japan,Tanker Ships,Electrical engineer/electrician,25,pass123
Mr. Chase Davis,Greece,Bulk Carrier,Second mate,51,pass123
Danielle Barrett,Philippines,Passenger Ships,Second engineer,37,password1
Jane Maldonado,Germany,Container Ships,Chief steward,37,123456
Maria Johnson,USA,Tanker Ships,Able seaman,51,password1
Steven Lewis,India,Bulk Carrier,Captain/master,41,pass123
Nicole Hawkins,USA,Passenger Ships,Second mate,36,123456
Denise Miles,USA,Tanker Ships,Second engineer,42,123456
Patricia Williams,Philippines,Passenger Ships,Steward's assistant,43,password1
Richard Dickson,Philippines,Tanker Ships,Electrical engineer/electrician,33,123456
Derek Harrington,Greece,Passenger Ships,Cook,43,123456
Connie Calderon,Germany,Bulk Carrier,Chief engineer,44,password1
Karl Mcdonald,Norway,Tanker Ships,Electrical engineer/electrician,58,123456
Lisa Aguirre,India,Bulk Carrier,Chief engineer,26,123456
Alexis Atkins,Philippines,Bulk Carrier,Electrical engineer/electrician,40,pass123
Bonnie Li,Greece,Tanker Ships,Wiper,36,123456
Heather Cruz,Greece,Tanker Ships,Fourth engineer,39,pass123
Summer Thomas,China,Bulk Carrier,Third mate,40,123456
Mary Mcgee,Germany,Container Ships,Deckhand,32,123456
Whitney Sparks,Greece,Passenger Ships,Deckhand,25,123456
Stephen Black,China,Bulk Carrier,Captain/master,23,pass123
Christina Patterson,Japan,Tanker Ships,Radio officer,55,password1
Emily Rowe,Germany,Container Ships,Oiler,46,password1
Daniel Villarreal,Philippines,Passenger Ships,Cook,22,password1
Jeffrey Baldwin,India,Bulk Carrier,Second engineer,57,pass123
Joshua Griffin,Philippines,Bulk Carrier,Chief engineer,42,password1
Brandy Moss,Germany,Container Ships,Captain/master,44,password1
Thomas Garcia,Philippines,Container Ships,Third mate,28,password1
Paula Herrera,China,Passenger Ships,Electrical engineer/electrician,27,password1
Nicole Alexander,India,Bulk Carrier,Wiper,32,pass123
Stephanie Barber,UK,Passenger Ships,Cook,47,123456
Robert Mcdaniel,China,Passenger Ships,Steward's assistant,37,password1
Jeffrey Gates,USA,Container Ships,Fourth engineer,32,123456
Rhonda Lang,China,Bulk Carrier,Able seaman,30,pass123
Chelsea Lynch DVM,Italy,Passenger Ships,Second mate,38,password1
Leah Daniels,Norway,Tanker Ships,Able seaman,29,password1
Roy Bishop,India,Tanker Ships,Cook,47,123456
Charles Hunter,USA,Bulk Carrier,Fourth engineer,24,123456
Robert Alexander,Italy,Bulk Carrier,Chief mate/first mate,49,password1
Anne Montgomery,Japan,Bulk Carrier,Chief steward,52,123456
Roy Powers,USA,Tanker Ships,Deckhand,30,pass123
Christopher Herrera,Japan,Bulk Carrier,Chief mate/first mate,54,123456
Lucas Hayes DDS,Greece,Tanker Ships,Boatswain (or bosun),24,password1
Jacob Lopez,Greece,Bulk Carrier,Third engineer,40,password1
Richard Adams,Philippines,Bulk Carrier,Steward's assistant,36,password1
Jamie Combs,USA,Passenger Ships,Electrical engineer/electrician,51,password1
Kayla Gonzalez,India,Passenger Ships,Third engineer,60,password1
Pamela Glenn,USA,Tanker Ships,Radio officer,22,pass123
James Banks,India,Bulk Carrier,Captain/master,43,password1
Rachael Lee,USA,Tanker Ships,Boatswain (or bosun),34,pass123
Madison Lynn,Germany,Passenger Ships,Deckhand,35,123456
Stephanie Mayo,UK,Tanker Ships,Third engineer,24,password1
Christine Smith,India,Tanker Ships,Oiler,38,password1
Matthew Dixon,Japan,Container Ships,Radio officer,46,pass123
Theresa White,Philippines,Passenger Ships,Cook,60,password1
Erica Blake,Japan,Tanker Ships,Chief steward,30,password1
Charles Long,UK,Tanker Ships,Radio officer,41,password1
Patricia Larson,UK,Bulk Carrier,Cook,26,123456
Morgan Miller,Greece,Passenger Ships,Second mate,51,123456
Kylie Frederick,Italy,Passenger Ships,Steward's assistant,42,password1
Heather Thompson,Japan,Container Ships,Cook,33,password1
Joseph Ross,Japan,Passenger Ships,Radio officer,27,pass123
Kelly Pennington,UK,Bulk Carrier,Chief mate/first mate,24,123456
Laurie Proctor,Germany,Bulk Carrier,Steward's assistant,41,pass123
Shane Moore,USA,Container Ships,Wiper,51,123456
Judy Estes,Italy,Container Ships,Radio officer,26,password1
Sharon Ruiz,USA,Container Ships,Chief steward,24,123456
Angela Jordan,India,Passenger Ships,Captain/master,29,pass123
William Schneider,USA,Bulk Carrier,Captain/master,22,pass123
Catherine Gardner,China,Bulk Carrier,Captain/master,32,password1
Jerome Fleming MD,China,Bulk Carrier,Steward's assistant,51,pass123
Karl Trevino,Norway,Container Ships,Chief steward,43,pass123
Justin Garner,Philippines,Container Ships,Boatswain (or bosun),55,123456
Michael Logan,Philippines,Container Ships,Captain/master,56,password1
Robert Fisher,Philippines,Container Ships,Third engineer,37,123456
Mr. Phillip Reeves,Norway,Passenger Ships,Cook,23,123456
Carrie Edwards,Philippines,Tanker Ships,Second engineer,58,pass123
Mary Vance,Greece,Passenger Ships,Chief engineer,56,pass123
Alex Jefferson,China,Bulk Carrier,Deckhand,35,password1
Maurice Richards,Norway,Bulk Carrier,Captain/master,53,123456
Todd Hale,India,Bulk Carrier,Deckhand,28,123456
Angel Palmer,India,Tanker Ships,Boatswain (or bosun),54,pass123
Alexander Ramirez,USA,Tanker Ships,Fourth engineer,34,pass123
Lisa Wall,Germany,Passenger Ships,Fourth engineer,24,password1
Steven Peterson,China,Container Ships,Wiper,36,password1
Wayne Smith,USA,Container Ships,Radio officer,53,password1
Brittney Combs,USA,Tanker Ships,Second engineer,26,pass123
Andrew Hess,Norway,Bulk Carrier,Second mate,58,123456
Alicia Perry,Japan,Tanker Ships,Radio officer,43,123456
Robert Gomez,Norway,Passenger Ships,Chief mate/first mate,42,123456
David Castro,China,Container Ships,Third engineer,33,password1
Angela Gomez,Japan,Bulk Carrier,Chief engineer,22,password1
Todd Martin,China,Passenger Ships,Radio officer,59,pass123
Jonathon Nelson,Italy,Tanker Ships,Chief engineer,25,pass123
Donna Werner,Germany,Bulk Carrier,Boatswain (or bosun),25,pass123
Juan Rice,Japan,Tanker Ships,Chief engineer,32,password1
Rebecca Richardson,Greece,Tanker Ships,Fourth engineer,35,pass123
Victoria Weber,India,Passenger Ships,Able seaman,57,pass123
Paul Sexton,Italy,Tanker Ships,Chief steward,37,pass123
Nathan Martin,Norway,Tanker Ships,Chief engineer,55,password1
Jennifer Torres,Norway,Bulk Carrier,Boatswain (or bosun),42,pass123
Aaron Cooper,Germany,Bulk Carrier,Chief engineer,38,password1
Emily Weber,China,Passenger Ships,Third engineer,34,123456
David Rivera,UK,Passenger Ships,Able seaman,40,pass123
Randy Henry,Philippines,Passenger Ships,Electrical engineer/electrician,56,123456
Michael Flowers,Philippines,Tanker Ships,Chief steward,46,123456
Timothy Hughes,Germany,Tanker Ships,Deckhand,40,password1
Jessica Ellison,India,Bulk Carrier,Chief engineer,53,password1
Shelly Phelps,Philippines,Container Ships,Chief engineer,22,pass123
Makayla Cooper,Norway,Bulk Carrier,Cook,35,123456
Michael Collins,USA,Container Ships,Third mate,59,123456
Eric May,UK,Bulk Carrier,Chief steward,27,password1
Rebecca Schwartz,Germany,Passenger Ships,Third engineer,55,password1
Mary Morgan,Norway,Tanker Ships,Second engineer,59,pass123
Matthew Williamson,Italy,Bulk Carrier,Third mate,32,123456
Steven Hughes,Italy,Container Ships,Chief mate/first mate,48,password1
Jake Kaufman,India,Bulk Carrier,Deckhand,47,pass123
Austin Huynh,UK,Passenger Ships,Chief mate/first mate,47,123456
Mary Richard,China,Container Ships,Chief engineer,25,pass123
Katie Zimmerman,Japan,Bulk Carrier,Chief mate/first mate,31,password1
Douglas Frye,China,Bulk Carrier,Third engineer,31,password1
Paul Lopez DDS,China,Tanker Ships,Third mate,39,pass123
Matthew Weaver,India,Passenger Ships,Third mate,22,123456
Ashley Keller,Germany,Bulk Carrier,Radio officer,34,pass123
Robert Smith,UK,Tanker Ships,Third engineer,59,password1
Marvin Smith,China,Container Ships,Chief engineer,33,pass123
Kimberly Walsh,China,Passenger Ships,Able seaman,26,123456
Bryan Nash,UK,Container Ships,Third engineer,35,123456
Kathy Davis,India,Tanker Ships,Chief mate/first mate,44,password1
William Warner,China,Bulk Carrier,Second mate,55,pass123
Leah Anderson,USA,Passenger Ships,Oiler,38,password1
David Rush,Japan,Bulk Carrier,Third engineer,22,pass123
Sara Young,USA,Passenger Ships,Able seaman,38,pass123
Joshua Crawford,USA,Bulk Carrier,Able seaman,32,123456
Anna Wright,Philippines,Container Ships,Chief steward,31,password1
Elizabeth Shaw,UK,Bulk Carrier,Chief steward,37,password1
Angela Hendricks,Germany,Container Ships,Boatswain (or bosun),23,123456
Hayley Hall,Japan,Tanker Ships,Oiler,27,pass123
Sharon Lucas,Philippines,Container Ships,Radio officer,58,123456
Rachel Dominguez,Japan,Bulk Carrier,Captain/master,55,password1
Sandra Cooper,UK,Passenger Ships,Chief mate/first mate,57,pass123
Ruth Green,UK,Passenger Ships,Deckhand,30,password1
Carolyn Shelton,India,Bulk Carrier,Electrical engineer/electrician,57,pass123
Roberta Blevins,India,Tanker Ships,Able seaman,42,123456
Charles Campos,India,Bulk Carrier,Chief steward,39,pass123
Breanna Shelton,India,Tanker Ships,Electrical engineer/electrician,43,password1
Angela Robinson,Norway,Tanker Ships,Cook,55,pass123
Joseph Martinez,Japan,Passenger Ships,Radio officer,38,pass123
Matthew Perez,Greece,Passenger Ships,Boatswain (or bosun),41,123456
Nicholas Williams,Norway,Bulk Carrier,Chief mate/first mate,52,pass123
Jose Kim,Greece,Container Ships,Able seaman,29,password1
Scott Ellis,Italy,Passenger Ships,Third mate,40,password1
Carolyn Atkins,Philippines,Bulk Carrier,Second engineer,44,123456
Melissa Mendoza,Germany,Passenger Ships,Captain/master,40,123456
Johnny Ross,Italy,Bulk Carrier,Chief engineer,52,password1
Brittany Lawson,Norway,Container Ships,Chief mate/first mate,45,password1
Mark Stewart,China,Tanker Ships,Fourth engineer,29,password1
Julie Robinson,UK,Passenger Ships,Fourth engineer,48,123456
Garrett Carter,Germany,Tanker Ships,Deckhand,44,123456
Brandi Riley,Japan,Tanker Ships,Chief steward,54,password1
Andrew Duffy,Japan,Bulk Carrier,Captain/master,27,password1
Hayden Stone,Japan,Tanker Ships,Radio officer,37,pass123
Joseph Young,Germany,Tanker Ships,Deckhand,28,password1
Erin Harris,UK,Bulk Carrier,Steward's assistant,44,password1
Justin Hart,UK,Bulk Carrier,Captain/master,25,pass123
Adam Harrison,India,Container Ships,Second engineer,40,password1
Samantha Jackson,China,Container Ships,Boatswain (or bosun),25,pass123
Natasha Soto,China,Tanker Ships,Cook,34,password1
Sally Callahan,China,Passenger Ships,Third engineer,39,pass123
Sherry Kemp,India,Tanker Ships,Wiper,57,pass123
Russell Bowman,Germany,Bulk Carrier,Third engineer,29,password1
Edwin Rosales,Italy,Tanker Ships,Cook,22,123456
Michelle Clark,China,Tanker Ships,Third mate,39,password1
John Lin,China,Bulk Carrier,Chief mate/first mate,51,123456
Ashley Mclaughlin,USA,Tanker Ships,Third engineer,47,password1
Brandon Bean,China,Passenger Ships,Chief engineer,25,123456
Tina Haas,Philippines,Container Ships,Able seaman,22,password1
Daniel Floyd,China,Tanker Ships,Chief steward,35,pass123
Mrs. Sheila Simmons,Norway,Container Ships,Captain/master,52,123456
Aaron Mahoney,USA,Passenger Ships,Second engineer,56,pass123
Jacqueline Williams,UK,Bulk Carrier,Wiper,56,123456
Jonathan Davis,USA,Container Ships,Captain/master,59,password1
Carrie Davenport,Norway,Tanker Ships,Third engineer,24,password1
Dr. Shaun Scott,Norway,Passenger Ships,Boatswain (or bosun),27,123456
Cole Taylor,Philippines,Passenger Ships,Captain/master,47,password1
Timothy Ruiz,China,Tanker Ships,Steward's assistant,36,123456
Dr. Danielle Meza,Greece,Container Ships,Third mate,56,pass123
April Moss,China,Container Ships,Chief steward,41,password1
Sandra Franklin,UK,Container Ships,Cook,22,pass123
Wendy Burns,China,Bulk Carrier,Electrical engineer/electrician,56,123456
David Carter,Norway,Container Ships,Third engineer,24,123456
Theodore Stuart,USA,Bulk Carrier,Cook,39,pass123
Andrew Allen,Italy,Bulk Carrier,Wiper,29,password1
Michael Hopkins,Norway,Passenger Ships,Deckhand,24,password1
Henry Hahn,Germany,Container Ships,Electrical engineer/electrician,52,pass123
Edward Contreras,China,Bulk Carrier,Third engineer,25,123456
David Miller,Germany,Tanker Ships,Captain/master,32,password1
Nancy White,China,Bulk Carrier,Able seaman,43,123456
Dale Mack,UK,Container Ships,Third engineer,36,password1
Douglas Clark,Italy,Tanker Ships,Boatswain (or bosun),59,123456
Denise Williams,Italy,Container Ships,Wiper,59,pass123
Michael Martinez,Norway,Container Ships,Boatswain (or bosun),38,pass123
Mrs. Jennifer Brown DDS,Greece,Container Ships,Oiler,25,123456
Justin Bailey,India,Container Ships,Chief engineer,23,password1
Paul Turner,Germany,Tanker Ships,Third mate,31,pass123
Jamie Fisher,Greece,Tanker Ships,Chief mate/first mate,29,123456
Lauren Hood,China,Passenger Ships,Boatswain (or bosun),53,password1
Gary Wood,Greece,Bulk Carrier,Second mate,23,password1
Christina Watts,Greece,Container Ships,Boatswain (or bosun),26,password1
Charles Robinson,Philippines,Bulk Carrier,Radio officer,52,password1
Lindsey Phillips,UK,Tanker Ships,Third engineer,51,123456
Wendy Braun,USA,Passenger Ships,Wiper,40,123456
Patricia Smith,UK,Tanker Ships,Deckhand,29,password1
David Thompson,Japan,Tanker Ships,Wiper,57,password1
Thomas Smith,Greece,Bulk Carrier,Captain/master,33,123456
Daniel Miller,Norway,Bulk Carrier,Chief engineer,31,pass123
Michael Odonnell,Italy,Bulk Carrier,Chief mate/first mate,59,pass123
James Ingram,Norway,Passenger Ships,Wiper,24,pass123
Carl Davis,Norway,Container Ships,Able seaman,43,pass123
Darrell Odonnell,Japan,Container Ships,Chief mate/first mate,38,password1
Luis Lang,China,Container Ships,Second mate,34,123456
Dr. Christopher Wilson,Greece,Passenger Ships,Wiper,60,pass123
Ivan Lee,UK,Container Ships,Boatswain (or bosun),27,pass123
Margaret Kelly,China,Tanker Ships,Electrical engineer/electrician,58,pass123
William Richards,Japan,Tanker Ships,Third engineer,49,password1
Wendy Hernandez,Japan,Bulk Carrier,Chief engineer,22,pass123
Brandy Schmidt,China,Container Ships,Oiler,42,123456
Brian Kirby,Germany,Tanker Ships,Cook,26,123456
Heather Jacobs,Italy,Container Ships,Chief engineer,24,pass123
Megan Gallagher,Germany,Passenger Ships,Chief engineer,36,password1
Sarah White,Philippines,Bulk Carrier,Captain/master,51,pass123
Monica Miller,India,Bulk Carrier,Chief mate/first mate,47,pass123
Steven Figueroa,Italy,Passenger Ships,Second mate,49,123456
Nicole Carlson,Japan,Container Ships,Third engineer,35,password1
Susan Gonzalez,Greece,Passenger Ships,Steward's assistant,39,123456
Elizabeth Campbell,USA,Container Ships,Wiper,50,password1
Bradley Watson,USA,Bulk Carrier,Able seaman,30,pass123
Benjamin Thompson,China,Container Ships,Chief steward,38,123456
Collin Mckinney,India,Bulk Carrier,Able seaman,25,pass123
Kimberly Carroll,China,Passenger Ships,Wiper,58,pass123
Sandra Taylor,Japan,Tanker Ships,Wiper,54,password1
Adam Jones,Norway,Passenger Ships,Able seaman,51,123456
Patrick Woods,Japan,Bulk Carrier,Captain/master,59,password1
Ashley Smith,China,Passenger Ships,Electrical engineer/electrician,38,password1
Paul Davis,Greece,Container Ships,Captain/master,24,password1
Deborah Conrad,UK,Bulk Carrier,Radio officer,58,123456
Anthony Black,UK,Container Ships,Wiper,53,password1
Olivia Ingram,Norway,Tanker Ships,Electrical engineer/electrician,22,pass123
John Wood,China,Passenger Ships,Deckhand,55,password1
Kevin Gross,China,Passenger Ships,Captain/master,57,pass123
Jennifer Brady,Norway,Bulk Carrier,Able seaman,33,password1
Kimberly Patterson,UK,Passenger Ships,Steward's assistant,47,password1
Eric Coleman,Greece,Tanker Ships,Chief mate/first mate,39,password1
Maxwell Phillips,Japan,Bulk Carrier,Third engineer,26,pass123
Adam Williams,China,Tanker Ships,Able seaman,55,123456
Jeffrey Mcdaniel,Italy,Bulk Carrier,Second engineer,60,pass123
Jennifer Murphy,China,Passenger Ships,Third mate,43,password1
Jaime Smith,India,Tanker Ships,Chief engineer,50,123456
Craig Miller,Norway,Tanker Ships,Chief mate/first mate,46,pass123
Aimee Mills,USA,Tanker Ships,Deckhand,49,123456
Kyle Gray,Norway,Passenger Ships,Third engineer,47,123456
Nicole Bruce,Italy,Tanker Ships,Wiper,25,pass123
Robert Lewis,Philippines,Tanker Ships,Deckhand,40,pass123
Amy Mcclure,Greece,Tanker Ships,Chief engineer,27,123456
Crystal Kramer,Japan,Passenger Ships,Captain/master,49,123456
Willie Parker,USA,Container Ships,Chief steward,47,123456
Brenda Bernard,USA,Bulk Carrier,Second mate,47,123456
Janet Adams,Greece,Bulk Carrier,Third mate,34,password1
Kimberly Woods,Germany,Tanker Ships,Second mate,28,password1
Frank Williams,UK,Container Ships,Able seaman,34,pass123
Andrew Ward,Norway,Tanker Ships,Wiper,23,123456
William Garcia,Norway,Bulk Carrier,Steward's assistant,34,123456
Teresa Pace,USA,Passenger Ships,Third mate,39,password1
Matthew Salas,Philippines,Tanker Ships,Captain/master,28,pass123
Lisa Burke,Norway,Container Ships,Radio officer,47,pass123
Stephen Edwards,Greece,Passenger Ships,Third mate,38,pass123
Timothy Myers,Norway,Passenger Ships,Fourth engineer,49,pass123
Susan Cantrell,India,Passenger Ships,Boatswain (or bosun),58,pass123
Gregory Smith,UK,Tanker Ships,Third engineer,43,123456
Russell Colon,Germany,Container Ships,Steward's assistant,39,pass123
Corey Gonzalez,Germany,Tanker Ships,Second engineer,36,123456
Michael Murray,Norway,Tanker Ships,Chief mate/first mate,44,password1
Jessica Chavez,Philippines,Tanker Ships,Deckhand,36,password1
David Pollard,China,Bulk Carrier,Fourth engineer,50,123456
Jamie Gomez,Italy,Container Ships,Chief mate/first mate,55,123456
Anthony Miller,Norway,Passenger Ships,Fourth engineer,56,password1
Mason Cook,USA,Passenger Ships,Third mate,55,123456
Katherine Miranda,Germany,Passenger Ships,Second engineer,60,password1
Steven Brown,Greece,Passenger Ships,Electrical engineer/electrician,41,123456
Jeffrey Sharp,Italy,Tanker Ships,Second mate,48,123456
Danielle Mills,China,Container Ships,Electrical engineer/electrician,34,123456
Nicholas Harris,USA,Passenger Ships,Second mate,42,password1
Kyle Cook,India,Bulk Carrier,Oiler,34,password1
Michael Brown,Italy,Tanker Ships,Deckhand,50,pass123
Roy Maynard,Philippines,Container Ships,Third engineer,53,123456
Robert Velazquez,UK,Tanker Ships,Deckhand,29,pass123
Megan Newman,India,Tanker Ships,Boatswain (or bosun),31,123456
Gina Rose,Germany,Tanker Ships,Oiler,41,password1
Steven Lane,Greece,Tanker Ships,Chief mate/first mate,55,pass123
Joseph Carrillo,USA,Tanker Ships,Radio officer,54,pass123
Karen Higgins,Japan,Container Ships,Steward's assistant,49,password1
Alexander Ellis,Italy,Bulk Carrier,Chief engineer,24,pass123
Jacqueline Rogers,Germany,Tanker Ships,Electrical engineer/electrician,27,pass123
Roy Reed,UK,Container Ships,Second mate,58,123456
Lee Lewis,Japan,Passenger Ships,Able seaman,41,password1
Kimberly Watts,UK,Tanker Ships,Captain/master,57,pass123
John Mercado,Philippines,Container Ships,Chief engineer,53,password1
Andrew Hays,Greece,Passenger Ships,Third mate,56,password1
Cheryl Cooper,USA,Passenger Ships,Third mate,26,123456
Mitchell Singh,USA,Passenger Ships,Radio officer,36,password1
Adrienne Richardson,China,Bulk Carrier,Second mate,39,password1
Bridget Dickson,USA,Tanker Ships,Oiler,39,123456
Angel Stevens,Norway,Bulk Carrier,Chief engineer,40,123456
Brian Evans,Germany,Tanker Ships,Wiper,32,123456
Kimberly Clark,Italy,Bulk Carrier,Captain/master,37,pass123
Tiffany Meyer,Greece,Bulk Carrier,Captain/master,47,password1
Brian Torres,Italy,Bulk Carrier,Oiler,57,password1
Eric Porter,Italy,Bulk Carrier,Able seaman,37,123456
Morgan Allen,Germany,Tanker Ships,Second mate,36,123456
Elizabeth Nash,Germany,Tanker Ships,Chief steward,36,123456
Summer Morales,Greece,Tanker Ships,Electrical engineer/electrician,58,123456
Kathleen Thornton,Philippines,Bulk Carrier,Chief steward,58,123456
Lauren Howard,Greece,Container Ships,Wiper,24,password1
John Peterson,Japan,Container Ships,Chief engineer,49,password1
Wanda Allen,China,Tanker Ships,Deckhand,49,123456
Tonya Palmer,UK,Tanker Ships,Second mate,32,pass123
Charles Moore,Japan,Passenger Ships,Cook,26,123456
Cathy Herman,India,Passenger Ships,Steward's assistant,25,pass123
Darlene Tucker,China,Passenger Ships,Third mate,34,123456
Lori Luna,Greece,Passenger Ships,Cook,44,password1
Bruce Grant,India,Tanker Ships,Deckhand,38,pass123
Roy Miller,Greece,Passenger Ships,Able seaman,43,password1
Jonathan Reed,USA,Bulk Carrier,Chief steward,35,pass123
Nathaniel Wilkins,Greece,Tanker Ships,Captain/master,49,pass123
Wesley Cruz,China,Tanker Ships,Electrical engineer/electrician,33,password1
John Bryant,China,Bulk Carrier,Third engineer,59,password1
Robert Payne,China,Tanker Ships,Deckhand,23,password1
Kathy Williams,USA,Passenger Ships,Second mate,60,123456
Kenneth Williams,China,Tanker Ships,Captain/master,35,password1
Christopher Blevins,Germany,Container Ships,Boatswain (or bosun),51,pass123
Jeffrey Knight,Italy,Container Ships,Chief mate/first mate,37,password1
Katherine Luna,Norway,Bulk Carrier,Deckhand,25,password1
Renee Alvarez,India,Passenger Ships,Third mate,23,pass123
Amy Rodriguez,India,Passenger Ships,Chief mate/first mate,41,pass123
Randy West,USA,Passenger Ships,Steward's assistant,53,pass123
William Kent,India,Passenger Ships,Deckhand,54,pass123
Deborah Miller,India,Passenger Ships,Cook,33,123456
Mr. Antonio Sullivan DDS,Germany,Passenger Ships,Electrical engineer/electrician,48,123456
Cole Brown,Norway,Bulk Carrier,Fourth engineer,30,123456
David Garrett,UK,Tanker Ships,Third mate,36,pass123
Miranda Carroll,UK,Passenger Ships,Oiler,45,password1
Tricia Moses,Italy,Bulk Carrier,Second engineer,45,password1
Stephanie Adams,Germany,Container Ships,Radio officer,51,password1
Travis Mcgee,Japan,Container Ships,Third engineer,37,pass123
Brenda May,Japan,Bulk Carrier,Boatswain (or bosun),32,123456
Charles Mckenzie,Norway,Tanker Ships,Second engineer,39,123456
Adam Colon,Germany,Passenger Ships,Boatswain (or bosun),39,pass123
Justin Bird,Italy,Tanker Ships,Radio officer,27,123456
Barry Becker,USA,Bulk Carrier,Oiler,53,pass123
Angela Simmons,Greece,Bulk Carrier,Chief steward,39,pass123
Donald Chandler,China,Passenger Ships,Chief mate/first mate,38,password1
Christopher Casey,Philippines,Bulk Carrier,Electrical engineer/electrician,28,password1
Ralph Cooley,China,Passenger Ships,Chief steward,54,123456
Kimberly Neal,Norway,Container Ships,Radio officer,31,password1
Wendy Simon,USA,Passenger Ships,Third mate,35,pass123
Trevor Jordan,UK,Passenger Ships,Third engineer,58,123456
Teresa Jones,Norway,Tanker Ships,Able seaman,51,password1
Gregory Burns,Japan,Container Ships,Second mate,54,password1
Keith Castillo,Italy,Container Ships,Chief engineer,23,password1
Tina Martin,USA,Tanker Ships,Chief mate/first mate,50,123456
Brandon Combs,Japan,Container Ships,Oiler,52,password1
