Name,Password,Assigned Crew Members,Assigned Ships
Connor Pearson,password1,"Christopher Jones, Billy Brown Jr., Vanessa Hamilton, Austin Huynh","Celebration, Conquest, Destiny, Ecstasy, Elation, Fantasy, Fascination, Freedom, Glory, Holiday, Imagination, Inspiration, Legend, Liberty*, Miracle, Paradise, Pride, Sensation, Spirit, Triumph, Valor, Victory"
Morgan Williams,123456,"Brenda Porter, Thomas Wilkins, Lindsay Black, Laura James","Serenity, Symphony"
Cindy Todd,pass123,"Kevin Stanley, Melanie Price, Christopher Hill, Lisa Aguirre","Arcadia, Artemis, Aurora, Oceana, Oriana, Ventura"
Samuel Scott,password1,"Nicole Carlson, Roy Miller, Tiffany West, Whitney Rubio",MarcoPolo
Diane Scott,pass123,"Laura Stanton, Brian Kirby, Carrie Edwards, Marvin Smith","Amsterdam, Eurodam, Maasdam, Noordam, Oosterdam, Prinsendam, Rotterdam, Ryndam, Statendam, Veendam, Volendam, Westerdam, Zaandam, Zuiderdam"
Tricia Butler,123456,"Elizabeth Shaw, Timothy Ruiz, Maurice Richards, Luis Lang","Spirit, Star, Surf"
Steven Paul,123456,"Kathleen Thornton, Christina Watts, Joshua Hill, Frank Williams","QueenElizabethII, QueenMary2, QueenVictoria"
Melissa Fisher,pass123,"David Thompson, Joshua Martin, April Moss, Deanna Harris","Insignia, Nautica, Regatta"
Kelsey Shelton,password1,"John Wood, James Reyes, Brandon Bean, Tina Martin","Allegra, Atlantica, Classica, Europa, Fortuna, Magica, Marina, Mediterranea, Romantica, Serena, Victoria"
Sandra Fuentes,pass123,"Tyler Washington, Ivan Lee, Evan Thomas, Paul Hernandez","Magic, Wonder"
Joshua Hardy,password1,"Anthony Black, Adrienne Richardson, Tamara Hodge, Chelsea Jordan","ExplorerII, Mariner, Navigator, PaulGauguin, Voyager"
Rebecca Patrick,password1,"Adrian Trevino, Stephen Black, Jonathan Foster, Tiffany Meyer","Armonia, Fantasia, Lirica, Melody, Musica, Opera, Rhapsody, Sinfonia"
James Rodriguez,123456,"Brittney Combs, Edward Guzman, Joshua Daniels, Lori Hodges","Century, Constellation, Galaxy, Infinity, Mercury, Millenium, Solstice, Summit, Xpedition, Zenith"
Andrew Lee,pass123,"Joseph Martin, Michelle Moreno, Emily Rowe, Aaron Cooper","Caribbean, Coral, Crown, Dawn, Diamond, Emerald, Golden, Grand, Island, Pacific, Regal, Royal, Saphire, Sea, Star, Sun, Tahitian"
Richard May,password1,"Gregory Burns, Dr. Carlos Munoz, Jeffrey Gates, Jennifer Hall","Legend, Pride, Spirit"
Erica Jones,123456,"Sarah White, William Schneider, Laurie Proctor, Deborah Miller","Aries, Gemini, Libra, Pisces, Taurus, Virgo"
Brandy Chase,pass123,"Susan Lane, Maria Johnson, Kyle Gray, Julie Hancock","Crown, Dawn, Dream, Gem, Jewel, Majesty, PrideofAloha, PrideofAmerica, Sea, Spirit, Star, Sun, Wind"
Andrea Garrison,123456,"Alyssa Ortiz, Patrick Woods, Christopher Blevins, Bridget Dickson","Adventure, Brilliance, Empress, Enchantment, Explorer, Freedom, Grandeur, Independence, Jewel, Legend, Liberty, Majesty, Mariner, Monarch, Navigator, Oasis, Radiance, Rhapsody, Serenade, Sovreign, Splendour, Vision, Voyager"
Misty Adams,pass123,"Edwin Rosales, Mr. Chase Davis, Daniel Miller, Wendy Hernandez","Cloud, Shadow, Whisper, Wind"
Alicia Martinez,pass123,"Brittany Lester, Dale Mack, Jason Peters, Michelle Alexander","Journey, Quest"
Katie Vega,123456,"Louis Evans, Mr. Richard Schroeder Jr., Kathy Williams, John Bryant",
Elizabeth Holland,123456,"Carolyn Shelton, Robert Alexander, Stephanie Bryant, Richard Schultz",
Dr. Brandon Lewis,pass123,"Paul Sexton, Matthew Dixon, Andrew Allen, Nicole Alexander",
Melissa Miller,123456,"Anna Wright, Barbara Reed, Tricia Moses, Jacqueline Rogers",
Samuel Jackson,password1,"Michael Martinez, Jamie Fisher, Carmen Maxwell, Ashley Mclaughlin",
Kelly Hernandez,123456,"John Jones, Rebecca Myers, Charles Long, Robert Mcdaniel",
Charles Daniel,pass123,"Lisa Wall, Anthony Miller, Tina Mejia, Eric Coleman",
Christina Walters,password1,"Rebecca Lester, Samantha Jackson, Ashley Keller, Angela Simmons",
Paula Cummings,123456,"David Hodge, Cassandra Cain, Catherine Gardner, Edward Contreras",
Bailey Owens,password1,"Chad Beck, Mitchell Singh, Chelsea Roberts, Adam Harrison",
Diane Watson,123456,"Walter Williams, Angela Jordan, Andrew Underwood, Aimee Mills",
Victoria Morgan,123456,"Brandon Combs, Charles Hunter, Heather Cruz, Mason Cook",
Cindy Wright,password1,"Nicole Whitehead, Robert Velazquez, Sarah Brown, Denise Miles",
Jeffrey Bates,123456,"Cathy Herman, John Brown, Katrina Mendoza, Gina Rose",
Dustin Allen,password1,"Matthew Weaver, Bobby Long, Joshua Cruz, Travis Mcgee",
Stephen Gutierrez,123456,"Donna Herrera, Todd Martin, Barbara Smith, Kimberly Walsh",
Brian Vance,password1,"Margaret Nelson, Steven Gordon DDS, Michelle Christensen, Carolyn Wood",
Crystal Vance,123456,"Daniel Richards, Willie Parker, Sharon Ruiz, Christopher Casey",
Raymond Nguyen,123456,"Travis Dunn, Sean Zimmerman, Shelia Cochran, Meredith Young",
William Lane,pass123,"Taylor Willis, Roy Maynard, Joseph Carrillo, Charles Conrad",
Tyler Reed MD,password1,"Barry Becker, Summer Morales, Bruce Grant, Jillian Hernandez",
Denise Johnson,123456,"Dawn Walker, Jacob Lopez, Rebecca Schwartz, Mr. Dean Cabrera",
Katrina Anderson,123456,"Alexander Ramirez, David Jones, Susan Cantrell, Alex Jefferson",
Susan Rodriguez,password1,"Charles Moore, William Richards, David Jennings, Robert Lewis",
Thomas Lopez,pass123,"Kimberly Woods, Alicia Bonilla, Kimberly Williams, Michael Young",
Richard York,password1,"Jose Kim, Eric May, Pam Peterson, Justin Garner",
David Taylor,pass123,"Alex Lewis, Nancy White, Lisa Edwards, Alexander Ellis",
Crystal Hartman,password1,"Leah Daniels, Nicole Bruce, Carrie Davenport, Adam Williams",
Tiffany Wood,123456,"Lauren Hood, William Warner, Kenneth Stevenson, Brian Evans",
Nicole Williams,123456,"Daniel Villarreal, Christopher Herrera, Carolyn Hardy, Michelle Butler",
Haley Osborne,password1,"Tina Haas, Wesley Cruz, Brian Torres, Jonathan Adams",
Trevor Brown,password1,"Michelle Marsh, Kimberly Francis, Felicia Shaw, Tiffany Jacobson",
Heather Hart,pass123,"Mark Stewart, Gloria Avila, Katherine Luna, William Williams",
Veronica Gilbert,password1,"Andrew Duffy, Kelly Jackson, Matthew Hill, Shawn Cook",
Carol Olson,password1,"Cole Brown, Gail Case, Emily Ross, Christine Summers",
Tracy Coleman,pass123,"Pamela Dawson, Jacqueline Williams, Kimberly Little, Jamie Combs",
Brian Solis,pass123,"Morgan Allen, Hayden Stone, Kimberly Patterson, Joseph Martinez",
Matthew Randolph,123456,"Roy Bishop, Sharon Johnston, Jason Anderson, Brian Marshall",
Terry Levine,pass123,"Kyle Cook, Nancy Vincent, Andrea Lee, Bonnie Li",
Hayley King,pass123,"Kevin Gross, Steven Figueroa, Jennifer Brady, Michelle Kelly",
Sarah Wall,123456,"Brittany Arnold, Darrell Odonnell, Andrew Hess, Elizabeth Clark",
Michael Thornton,123456,"John Simon, Jesse Hamilton, Steven Long, Rebecca Richardson",
Travis Aguilar,pass123,"Patricia Larson, Robert Gomez, Karen Moore, Danielle Mills",
Stephen Lee,pass123,"Richard Jackson, Elizabeth Tran, Nathan Wilson, Ashley Smith",
John Nichols,password1,"Roy Reed, Mark Armstrong, Kylie Frederick, Sara Young",
John Lee,pass123,"Donald Wu, Lauren Howard, Mrs. Sheila Simmons, Laura Dixon",
Anne Buck,password1,"Holly Ruiz, Amanda Miller MD, Mrs. Jennifer Brown DDS, David Rivera",
Kendra Hudson,pass123,"Robert Sandoval, Theresa White, Allen Davies, Brandy Moss",
Joshua Henderson,pass123,"Michael Flowers, Emily Weber, Terry Roberts, Danielle Barrett",
Luke Miles,pass123,"Renee Alvarez, Joy Lang, Heather Jacobs, Rachel Dominguez",
Alison Palmer,pass123,"Sara Mendoza, Krista Lewis, Sandra Cole, James Banks",
Jane Hart,123456,"Sandra Taylor, Danielle Armstrong, Dr. Emily Mora MD, Beth Sullivan",
Janice Jackson,password1,"Steven Lewis, Kim Roberts, Stephanie Roberts, Craig Miller",
Tracie Miller,password1,"Richard Adams, Melissa Atkins, Gary Wood, Jacob Smith",
Lisa Obrien,pass123,"Anna Wise, Amy Wells, Tammy Hernandez, Paula Herrera",
Sharon Stevenson,password1,"Carrie Velez, Sonia Ford, David Henry, Melvin Brown",
Patrick Forbes,password1,"Noah Fernandez, Jessica Taylor, Michael Collins, Tammy Mahoney",
Robert Norman,123456,"Ruth Green, Jonathan Davis, Shane Moore, Steven Klein",
Brian Hernandez,123456,"Mr. Eric Massey PhD, Donna Werner, Travis Dudley, Kimberly Carroll",
Jennifer Meadows,password1,"Rachael Horne, Natalie Harrison, Trevor Jordan, Steven Peterson",
Rachel Young,123456,"Steven Lane, Joshua Love MD, Richard Dickson, Christina Patterson",
Robert Leblanc,pass123,"Andrew Kelley, Mary Daniels, Crystal Kramer, Jessica Ellison",
Teresa James,123456,"Jessica Deleon, Tiffany Munoz, David Pollard, Kenneth Williams",
Veronica Lee,password1,"Kayla Gonzalez, Jennifer Caldwell, Heather Thompson, Matthew Thomas",
Jessica Carlson,123456,"Kimberly Watts, Jane Maldonado, Corey Gonzalez, David Rush",
Patrick Villarreal,pass123,"Alexis Atkins, Charles Campos, Brittany Simpson, Cheryl Cooper",
Laura Jenkins,password1,"Charlene Cohen, Tracy Haynes, Debbie Dixon, James Harrison",
Catherine Hernandez,pass123,"Erin Harris, Brett Lynch, Pamela Glenn, John Johnson",
Nathan Johnson,password1,"Carrie Ritter, Brenda May, Stephen Taylor, Derek Harrington",
Michelle Cortez,123456,"Amber Jordan, Jamie Gomez, Tara Spencer, Randy Henry",
Alyssa Leonard,123456,"Linda Henderson, Katie Zimmerman, Susan Gonzalez, Michael Brown",
Lisa Khan,pass123,"David Carter, Michael Odonnell, Connie Davis, Joshua Baker",
Troy Anthony,password1,"Jaime Giles, Julie Robinson, Thomas Dickerson, William Brooks",
Michelle Mendoza,pass123,"Brandi Riley, Denise Williams, Walter Cross, Tonya Palmer",
Stephanie Thompson,123456,"Kim Shields, Jennifer Murphy, Natasha Soto, Stephen Edwards",
Travis Gray,pass123,"Daniel Fields, George Lee, David Garrett, Lee Lewis",
Robin Schneider,pass123,"Jordan Ryan, Megan Gallagher, Mary Mcgee, Karen Higgins",
Corey Brooks,123456,"Collin Mckinney, Rhonda Lang, Stephanie Johnson, Mr. Antonio Sullivan DDS",
Taylor Casey,pass123,"Adam Colon, Stephanie Barber, Angela Carter, Daniel Floyd",
Crystal Wheeler,123456,"Dawn Stevens, Adam Jones, Tracey Trevino, Bryan Nash",
Natalie Garcia,pass123,"Alicia Ford, Rebecca Johnson, Julia Weber",
Haley Blair,pass123,"Steven Hughes, Mrs. Kristine Collins, Candice Harris",
Sara Johnson,123456,"Angela Gomez, Bradley Lopez, Darlene Tucker",
Robert Wolf,password1,"Kelly Pennington, Amy Miller, Charles Leblanc",
Nicole Harris,123456,"Brenda Bernard, Elizabeth Baker, Karl Mcdonald",
Jenna Snyder,pass123,"Robert Smith, Sarah Walker, Andrea Hinton",
Richard Berg,pass123,"Erica Macdonald, Anita Porter, Monica Miller",
Kimberly Hall,pass123,"Karl Trevino, Connie Calderon, Russell Bowman",
Brandon Gonzales,pass123,"Steven Brown, Joseph Young, Sandra Anderson",
Michael Medina,123456,"Steve Johnson, Alicia Perry, Amanda Christensen",
Donald Hoffman,pass123,"David Stevens, Andrew Hays, Megan Newman",
Rachel Moreno,123456,"Miranda Carroll, Mary Morgan, Nicholas Williams",
Albert Andrews,123456,"Jeffery Wallace, Angela Grimes, Erica Blake",
William Kaufman,123456,"Timothy Myers, Barbara Thompson, Christopher Turner",
Cristina Cox,pass123,"Nicholas Harvey, Daniel Daniel, John Mercado",
Brian Little,123456,"Stephanie Mayo, Jordan Ferguson, Michelle Glover",
Matthew Hurst,pass123,"Edward Paul, Justin Bird, Crystal Cook",
Matthew Smith,pass123,"Garrett Carter, Carolyn Atkins, Lindsey Phillips",
Nicole Arellano,password1,"Whitney Sparks, John Peterson, Jeffrey Mcdaniel",
Sharon Nichols,pass123,"Dr. Christopher Wilson, Amy Mcclure, Patrick Williams",
Adrienne Carrillo,password1,"Denise Cooper, Michael Hopkins, Mary Richard",
Kimberly Henry,123456,"Madison Lynn, Francisco Blake, Jennifer Patterson",
Cody Cardenas,password1,"Rebecca Castillo, Makayla Cooper, Nicole Hawkins",
Yvonne Anderson,pass123,"Joshua Griffin, Robert Cummings, Eric Porter",
Karen Fletcher,pass123,"Jon Payne, Mary Vance, Paul Turner",
Shane Simpson,pass123,"Wendy Burns, Stephanie Mcclain, Nathan Martin",
Cheryl Gross,pass123,"Charles Mckenzie, Richard Dickerson, Lori Luna",
Rebecca White,pass123,"Shelly Phelps, Benjamin Rios, David Turner",
Alicia Gomez,password1,"Johnny Ross, Lance Murphy, Ruben Thompson",
Darin Schultz,password1,"Carl Davis, Deborah Conrad, Elizabeth Nash",
Angela Hamilton,pass123,"Olivia Ingram, Jeffrey Sharp, Scott Ballard",
Rebecca Morton,pass123,"Phyllis Ross, Erika Stevens, Angel Palmer",
Jason Taylor,123456,"Angela Hendricks, Daniel Pearson, Mario Fitzgerald",
Douglas Miller,password1,"Wanda Allen, Lori Stewart, Sherri Klein",
Douglas Howard,password1,"Erin Lee, Dennis Mclean, William Garcia",
Melissa Alvarado,password1,"Justin Wolfe, Jeffrey Horton, Elizabeth Williams DVM",
Wesley Juarez,123456,"Paul Miller, Russell Colon, Damon Joseph",
Monica Hayes,123456,"David Miller, Kevin Powell, Sally Callahan",
Amber Flynn,pass123,"Adam Rodriguez, Jerome Fleming MD, Theodore Stuart",
Cassandra Jones,123456,"Thomas Roman, Andrew Morris, Lisa Burke",
Aaron Peters,123456,"Ashley Shaffer, Cassandra Schmidt, Kenneth Brown",
Renee Hartman,pass123,"William Kent, Breanna Shelton, Chelsea Lynch DVM",
Lisa Zimmerman,pass123,"Joseph Ross, Katherine Wiggins, Amy Oneill",
Brittany Smith,password1,"Wayne Smith, Hayley Hall, Michael Logan",
Christina Lewis,password1,"Joel Sullivan, Wendy Braun, Taylor Landry",
Angela Townsend,password1,"Juan Johnson, Rachael Lee, Judy Estes",
Benjamin Johnston,password1,"Patricia Williams, Leah Keller, Andrew Edwards PhD",
Michael Harrison,123456,"Hunter Miller, Cheryl Shields, Joshua Murillo",
Sarah Davis,pass123,"Rebecca Thomas, Joseph Holt, Eric Jones",
Jesse Hayes,password1,"Summer Thomas, Michael Murray, Nancy Mason",
Wendy Sullivan,pass123,"Mr. Roberto Anderson, Brandy Schmidt, Melissa Mendoza",
Rachel Powell,pass123,"Matthew Williamson, Melissa Johnston, Tanya Burke",
Nicholas Copeland,123456,"Julia Larsen, Jessica Fox, Jose Davis",
Travis Hernandez,password1,"Dr. Danielle Meza, Lucas Hayes DDS, Amy Rodriguez",
James Weaver,password1,"Matthew Perez, Scott Ellis, Teresa Jones",
Samantha Burton,password1,"Stacey Jones, Jonathon Nelson, Amber Curtis",
Jonathan Mcknight,pass123,"Bradley Brown, Brittany Lawson, James Nguyen",
Christine Butler,password1,"Laura Boyer, Sandra Franklin, John Dennis",
Christine Moyer,password1,"Jake Kaufman, James Ingram, Henry Hahn",
Lisa Davis,pass123,"Douglas Frye, Paul Davis, Michael Smith",
Debra Adams,pass123,"Michelle Jones, Michael Wilson, Travis Sexton",
Ann Waller,password1,"Mr. Phillip Reeves, Angela Robinson, Joshua White",
Kimberly Thompson,password1,"Angela Williamson, Leah Anderson, Benjamin Thompson",
Shelley Stevenson,password1,"Anna Stewart, Keith Castillo, Douglas Clark",
Rachel Chandler,123456,"Michael Ramirez, Wendy Simon, Joshua Crawford",
Ashlee Haney,password1,"Edwin Jones, Jaime Smith, Natalie Roberts",
William Evans,pass123,"Christy Green, Donald Chandler, Katherine Miranda",
Jessica Goodwin,password1,"Thomas Smith, Christine Smith, Michael Webb",
David Adams,password1,"Dr. Sharon Shaffer, Jeffrey Knight, Sean Chapman",
Mary Cook,123456,"Stephen Gaines, Kimberly Neal, Caitlyn Thomas",
Jessica Rivera,pass123,"James Garcia, Kimberly Ochoa, Justin Bailey",
Patrick Ibarra,123456,"Henry Rowe, Janet Adams, Erin Reyes",
Elizabeth Richardson,password1,"Anne Montgomery, Robin Harvey, Danielle White",
Misty Vaughn,password1,"Karen Brady, Michael Kent, Melissa Miles",
Judy Farley,123456,"Sherry Kemp, Ralph Cooley, Sandra Cooper",
Christie Ross,pass123,"Kathy Davis, Nathaniel Wilkins, Kristen Kelley",
Mia Robertson,password1,"Thomas Garcia, Elizabeth Campbell, Stephanie Adams",
Thomas Kennedy,password1,"Dr. Shaun Scott, Lisa Rodriguez, Leslie Allen",
Melissa Reid,pass123,"Brandon Mckay, Melissa Vaughn, Juan Rice",
Catherine Mata,password1,"David Castro, Karen Mcdonald, Anthony Williams",
Shawn Haney,password1,"Karen Pearson, Nicholas Harris, Paul Lopez DDS",
Alicia Hendrix,123456,"Cole Taylor, Maxwell Phillips, Charles Robinson",
Louis Larson,pass123,"Jeff Marsh, Sharon Lucas, Evan Keller",
Mark Poole,pass123,"David Phillips, Jeffrey Munoz, Richard Greene",
David Ramos,123456,"Robert Fisher, Matthew Salas, Michael Ward",
Jonathan Martin,pass123,"Jonathan Reed, Angela Hutchinson, Patricia Barker",
Elizabeth Manning,pass123,"Jessica Chavez, James Morris, Amanda Johnson",
Crystal Wilkerson,password1,"Angel Stevens, Melissa Tran, Margaret Kelly",
Jeremy Martin,pass123,"Morgan Miller, Roberta Blevins, Justin Hart",
Kyle Silva,pass123,"John Lin, Heather Taylor, Gregory Smith",
Amanda Calderon,password1,"Bradley Watson, Timothy Hughes, Todd Hale",
Mark Williams,123456,"Roy Powers, Jeffrey Baldwin, Andrew Ward",
Dale Gonzalez,123456,"Linda Brown, Stephanie Meadows, Jennifer Torres",
Kelly Walsh,pass123,"Jennifer Lee, John Tucker, Sara Fernandez",
Matthew Burns MD,password1,"Jeffrey Cox, Jeff Aguilar, Dawn Shepherd",
Gregory Gordon,123456,"Robert Payne, Michelle Clark, Aaron Mahoney",
Kyle Ramsey MD,password1,"Brett Parker, Brandon Obrien, Carmen Lopez",
Kristi Rivera,123456,"Victoria Weber, Teresa Pace, Jacqueline Davis",
Laura Miranda,password1,"Kimberly Clark, Dana Owen, Randy West",
Rhonda Shaw,password1,"Dylan Jones, Sarah Gray, Patricia Smith",
