Ship_name,Owner,Age,Tonnage,Type,length,cabins,Password
Journey,Azamara,6,30.277,Container Ships,5.94,3.55,password1
Quest,Azamara,6,30.277,Tanker Ships,5.94,3.55,pass123
Celebration,Carnival,26,47.262,Passenger Ships,7.22,7.43,pass123
Conquest,Carnival,11,110,Tanker Ships,9.53,14.88,password1
Destiny,Carnival,17,101.353,Bulk Carrier,8.92,13.21,pass123
Ecstasy,Carnival,22,70.367,Passenger Ships,8.55,10.2,password1
Elation,Carnival,15,70.367,Bulk Carrier,8.55,10.2,password1
Fantasy,Carnival,23,70.367,Passenger Ships,8.55,10.22,123456
Fascination,Carnival,19,70.367,Tanker Ships,8.55,10.2,123456
Freedom,Carnival,6,110.239,Tanker Ships,9.51,14.87,password1
Glory,Carnival,10,110,Container Ships,9.51,14.87,pass123
Holiday,Carnival,28,46.052,Passenger Ships,7.27,7.26,123456
Imagination,Carnival,18,70.367,Container Ships,8.55,10.2,password1
Inspiration,Carnival,17,70.367,Tanker Ships,8.55,10.2,123456
Legend,Carnival,11,86,Tanker Ships,9.63,10.62,123456
Liberty*,Carnival,8,110,Tanker Ships,9.51,14.87,password1
Miracle,Carnival,9,88.5,Passenger Ships,9.63,10.62,pass123
Paradise,Carnival,15,70.367,Passenger Ships,8.55,10.2,pass123
Pride,Carnival,12,88.5,Passenger Ships,9.63,11.62,123456
Sensation,Carnival,20,70.367,Tanker Ships,8.55,10.2,pass123
Spirit,Carnival,12,88.5,Container Ships,9.63,10.56,123456
Triumph,Carnival,14,101.509,Container Ships,8.93,13.21,123456
Valor,Carnival,9,110,Tanker Ships,9.52,14.87,123456
Victory,Carnival,13,101.509,Passenger Ships,8.93,13.79,password1
Century,Celebrity,18,70.606,Container Ships,8.15,8.75,password1
Constellation,Celebrity,11,91,Tanker Ships,9.65,9.75,pass123
Galaxy,Celebrity,17,77.713,Container Ships,8.66,9.35,123456
Infinity,Celebrity,12,91,Container Ships,9.65,9.75,password1
Mercury,Celebrity,16,77.713,Container Ships,8.66,9.35,password1
Millenium,Celebrity,13,91,Container Ships,9.65,9.75,123456
Solstice,Celebrity,5,122,Bulk Carrier,10.33,6.87,password1
Summit,Celebrity,12,91,Bulk Carrier,9.65,9.75,password1
Xpedition,Celebrity,12,2.329,Container Ships,2.96,0.45,password1
Zenith,Celebrity,21,47.225,Passenger Ships,6.82,6.87,password1
Allegra,Costa,21,28.43,Container Ships,6.16,4.1,pass123
Atlantica,Costa,13,85.619,Tanker Ships,9.57,10.56,123456
Classica,Costa,22,52.926,Tanker Ships,7.18,6.54,123456
Europa,Costa,27,53.872,Bulk Carrier,7.98,7.67,pass123
Fortuna,Costa,10,105,Bulk Carrier,8.9,13.56,123456
Magica,Costa,9,105,Container Ships,8.9,13.56,password1
Marina,Costa,23,25,Container Ships,6.22,3.86,123456
Mediterranea,Costa,10,86,Tanker Ships,9.6,10.56,password1
Romantica,Costa,20,53.049,Container Ships,7.22,6.78,password1
Serena,Costa,6,112,Bulk Carrier,9.51,15,password1
Victoria,Costa,17,75.166,Bulk Carrier,8.28,9.64,pass123
Serenity,Crystal,10,68,Passenger Ships,7.9,5.5,password1
Symphony,Crystal,18,51.004,Bulk Carrier,7.81,4.8,123456
QueenElizabethII,Cunard,44,70.327,Container Ships,9.63,9.5,123456
QueenMary2,Cunard,10,151.4,Bulk Carrier,11.32,11.34,pass123
QueenVictoria,Cunard,6,90,Container Ships,9.64,10.29,pass123
Magic,Disney,15,83.338,Passenger Ships,9.64,8.75,123456
Wonder,Disney,14,83,Passenger Ships,9.64,8.75,pass123
Amsterdam,Holland_American,13,61,Tanker Ships,7.8,6.88,password1
Eurodam,Holland_American,5,86,Container Ships,9.36,10.22,password1
Maasdam,Holland_American,20,55.451,Bulk Carrier,7.19,6.32,123456
Noordam,Holland_American,29,33.92,Bulk Carrier,7.04,6.07,pass123
Oosterdam,Holland_American,10,81.769,Tanker Ships,9.59,9.24,password1
Prinsendam,Holland_American,25,38,Tanker Ships,6.74,3.96,password1
Rotterdam,Holland_American,16,59.652,Passenger Ships,7.77,6.6,123456
Ryndam,Holland_American,19,55.451,Passenger Ships,7.19,6.33,password1
Statendam,Holland_American,20,55.451,Container Ships,7.19,6.33,pass123
Veendam,Holland_American,17,55.451,Bulk Carrier,7.19,6.33,123456
Volendam,Holland_American,14,63,Bulk Carrier,7.77,7.2,password1
Westerdam,Holland_American,27,53.872,Tanker Ships,7.98,7.47,123456
Zaandam,Holland_American,13,63,Passenger Ships,7.77,7.2,password1
Zuiderdam,Holland_American,11,85,Container Ships,9.51,9.24,123456
Armonia,MSC,12,58.6,Tanker Ships,8.24,7.83,password1
Fantasia,MSC,5,133.5,Passenger Ships,10.93,16.37,password1
Lirica,MSC,10,58.825,Container Ships,8.23,7.65,pass123
Melody,MSC,31,35.143,Bulk Carrier,6.69,5.32,123456
Musica,MSC,7,89.6,Passenger Ships,9.61,12.75,pass123
Opera,MSC,9,59.058,Bulk Carrier,7.63,8.5,pass123
Rhapsody,MSC,36,16.852,Bulk Carrier,5.41,3.83,pass123
Sinfonia,MSC,11,58.6,Passenger Ships,8.23,7.83,password1
Crown,Norwegian,25,34.25,Tanker Ships,6.15,5.26,123456
Dawn,Norwegian,11,90,Bulk Carrier,9.65,11.2,pass123
Dream,Norwegian,21,50.76,Tanker Ships,7.54,8.74,password1
Gem,Norwegian,6,93,Tanker Ships,9.65,11.97,password1
Jewel,Norwegian,8,91,Bulk Carrier,9.65,11.22,pass123
Majesty,Norwegian,21,38,Passenger Ships,5.67,5.28,pass123
PrideofAloha,Norwegian,14,77.104,Passenger Ships,8.53,10.01,123456
PrideofAmerica,Norwegian,9,81,Bulk Carrier,9.21,10.72,pass123
Sea,Norwegian,25,42,Bulk Carrier,7.08,7.52,123456
Spirit,Norwegian,15,75.338,Passenger Ships,8.79,9.83,password1
Star,Norwegian,40,28,Tanker Ships,6.74,4,123456
Sun,Norwegian,12,77.104,Tanker Ships,8.53,10.01,123456
Wind,Norwegian,20,50.76,Container Ships,7.54,8.74,123456
Insignia,Oceania,15,30.277,Bulk Carrier,5.94,3.42,123456
Nautica,Oceania,13,30.277,Container Ships,5.94,3.42,password1
Regatta,Oceania,15,30.277,Container Ships,5.94,3.42,123456
MarcoPolo,Orient,48,22.08,Bulk Carrier,5.78,4.25,pass123
Arcadia,P&O,9,85,Bulk Carrier,9.35,9.84,password1
Artemis,P&O,29,45,Bulk Carrier,7.54,5.3,pass123
Aurora,P&O,13,76,Bulk Carrier,8.86,9.39,password1
Oceana,P&O,10,77,Bulk Carrier,8.56,9.75,password1
Oriana,P&O,18,69.153,Tanker Ships,8.53,9.14,123456
Ventura,P&O,5,115,Passenger Ships,9,15.32,123456
Caribbean,Princess,9,116,Passenger Ships,9.51,13,password1
Coral,Princess,11,91.627,Tanker Ships,9.64,9.87,123456
Crown,Princess,7,116,Container Ships,9.51,15.57,password1
Dawn,Princess,16,77.499,Tanker Ships,8.56,10.5,password1
Diamond,Princess,9,113,Passenger Ships,9.51,13.37,pass123
Emerald,Princess,6,113,Passenger Ships,9.51,15.57,pass123
Golden,Princess,12,108.865,Container Ships,9.51,13,pass123
Grand,Princess,15,108.806,Bulk Carrier,9.51,13,password1
Island,Princess,10,91.627,Bulk Carrier,9.64,9.87,pass123
Pacific,Princess,14,30.277,Container Ships,5.93,3.44,123456
Regal,Princess,22,69.845,Container Ships,8.03,7.95,password1
Royal,Princess,29,44.348,Bulk Carrier,7.54,6,123456
Saphire,Princess,9,113,Container Ships,9.51,13.37,123456
Sea,Princess,8,77.499,Bulk Carrier,8.56,9.75,123456
Star,Princess,11,108.977,Passenger Ships,9.51,13.01,123456
Sun,Princess,18,77.499,Container Ships,8.56,9.75,pass123
Tahitian,Princess,14,30.277,Bulk Carrier,5.93,3.44,123456
ExplorerII,Regent_Seven_Seas,27,12.5,Tanker Ships,4.36,0.88,password1
Mariner,Regent_Seven_Seas,12,50,Passenger Ships,7.09,3.54,pass123
Navigator,Regent_Seven_Seas,14,33,Container Ships,5.6,2.45,password1
PaulGauguin,Regent_Seven_Seas,16,19.2,Passenger Ships,5.13,1.6,password1
Voyager,Regent_Seven_Seas,10,46,Passenger Ships,6.7,1.82,pass123
Adventure,Royal_Caribbean,12,138,Bulk Carrier,10.2,15.57,pass123
Brilliance,Royal_Caribbean,11,90.09,Tanker Ships,9.62,10.5,123456
Empress,Royal_Caribbean,23,48.563,Passenger Ships,6.92,8,pass123
Enchantment,Royal_Caribbean,16,74.137,Tanker Ships,9.16,9.75,password1
Explorer,Royal_Caribbean,13,138,Passenger Ships,10.2,15.57,password1
Freedom,Royal_Caribbean,7,158,Tanker Ships,11.12,18,password1
Grandeur,Royal_Caribbean,17,74.137,Container Ships,9.16,9.75,pass123
Independence,Royal_Caribbean,5,160,Tanker Ships,11.12,18.17,password1
Jewel,Royal_Caribbean,9,90.09,Passenger Ships,9.62,10.94,pass123
Legend,Royal_Caribbean,18,70,Passenger Ships,8.67,9,pass123
Liberty,Royal_Caribbean,6,158,Tanker Ships,11.25,18,pass123
Majesty,Royal_Caribbean,21,73.941,Container Ships,8.8,11.75,123456
Mariner,Royal_Caribbean,10,138,Bulk Carrier,10.2,15.57,pass123
Monarch,Royal_Caribbean,22,73.941,Bulk Carrier,8.8,11.77,pass123
Navigator,Royal_Caribbean,11,138,Tanker Ships,10.2,15.57,123456
Oasis,Royal_Caribbean,4,220,Bulk Carrier,11.82,27,pass123
Radiance,Royal_Caribbean,12,90.09,Container Ships,9.62,10.5,password1
Rhapsody,Royal_Caribbean,16,78.491,Bulk Carrier,9.15,10,pass123
Serenade,Royal_Caribbean,10,90.09,Tanker Ships,9.62,10.5,pass123
Sovreign,Royal_Caribbean,25,73.192,Bulk Carrier,8.8,11.38,pass123
Splendour,Royal_Caribbean,17,70,Passenger Ships,8.67,9.02,password1
Vision,Royal_Caribbean,15,78.491,Tanker Ships,9.15,10,pass123
Voyager,Royal_Caribbean,14,138,Container Ships,10.2,15.57,pass123
Legend,Seabourn,21,10,Container Ships,4.4,1.04,123456
Pride,Seabourn,27,10,Container Ships,4.4,1.04,password1
Spirit,Seabourn,24,10,Tanker Ships,4.4,1.04,pass123
Cloud,Silversea,19,16.8,Tanker Ships,5.14,1.48,password1
Shadow,Silversea,13,25,Tanker Ships,5.97,1.94,pass123
Whisper,Silversea,12,25,Tanker Ships,5.97,1.94,pass123
Wind,Silversea,19,16.8,Tanker Ships,5.14,1.48,password1
Aries,Star,22,3.341,Passenger Ships,2.8,0.33,123456
Gemini,Star,21,19.093,Container Ships,5.37,4,pass123
Libra,Star,12,42,Bulk Carrier,7.13,7.4,123456
Pisces,Star,24,40.053,Tanker Ships,5.79,7.76,pass123
Taurus,Star,22,3.341,Container Ships,2.79,0.33,pass123
Virgo,Star,14,76.8,Bulk Carrier,8.79,9.67,pass123
Spirit,Windstar,25,5.35,Bulk Carrier,4.4,0.74,password1
Star,Windstar,27,5.35,Tanker Ships,4.4,0.74,pass123
Surf,Windstar,23,14.745,Passenger Ships,6.17,1.56,123456
